tag,arch,depth,width,params,seed,epoch,train_loss,test_loss,test_acc,seconds,train_eval_loss,train_eval_acc
sweep_cnn1w0_lr3e-4,cnn,1,0,63050,1,1,0.718550,0.823853,0.742700,1.335,nan,nan
sweep_cnn1w0_lr3e-4,cnn,1,0,63050,1,2,0.401754,0.698028,0.786200,0.683,nan,nan
sweep_cnn1w0_lr3e-4,cnn,1,0,63050,1,3,0.314049,0.600442,0.815000,0.527,nan,nan
sweep_cnn1w0_lr3e-4,cnn,1,0,63050,1,4,0.267821,0.572216,0.825500,0.615,nan,nan
sweep_cnn1w0_lr3e-4,cnn,1,0,63050,2,1,0.770621,0.867781,0.735500,0.785,nan,nan
sweep_cnn1w0_lr3e-4,cnn,1,0,63050,2,2,0.436290,0.747042,0.771900,0.610,nan,nan
sweep_cnn1w0_lr3e-4,cnn,1,0,63050,2,3,0.340620,0.638840,0.803500,0.663,nan,nan
sweep_cnn1w0_lr3e-4,cnn,1,0,63050,2,4,0.283563,0.575795,0.824900,0.869,nan,nan
sweep_cnn1w0_lr1e-3,cnn,1,0,63050,1,1,0.499609,0.601998,0.817400,1.295,nan,nan
sweep_cnn1w0_lr1e-3,cnn,1,0,63050,1,2,0.250824,0.527009,0.840100,0.789,nan,nan
sweep_cnn1w0_lr1e-3,cnn,1,0,63050,1,3,0.201859,0.475234,0.855600,0.717,nan,nan
sweep_cnn1w0_lr1e-3,cnn,1,0,63050,1,4,0.175949,0.464775,0.866500,0.628,nan,nan
sweep_cnn1w0_lr1e-3,cnn,1,0,63050,2,1,0.533846,0.635414,0.806000,0.576,nan,nan
sweep_cnn1w0_lr1e-3,cnn,1,0,63050,2,2,0.260029,0.530054,0.839900,0.800,nan,nan
sweep_cnn1w0_lr1e-3,cnn,1,0,63050,2,3,0.203335,0.479906,0.854100,0.690,nan,nan
sweep_cnn1w0_lr1e-3,cnn,1,0,63050,2,4,0.175239,0.453949,0.867700,0.719,nan,nan
sweep_cnn1w0_lr3e-3,cnn,1,0,63050,1,1,0.379240,0.509025,0.847500,1.582,nan,nan
sweep_cnn1w0_lr3e-3,cnn,1,0,63050,1,2,0.192364,0.451703,0.869500,0.691,nan,nan
sweep_cnn1w0_lr3e-3,cnn,1,0,63050,1,3,0.152867,0.423138,0.881500,0.752,nan,nan
sweep_cnn1w0_lr3e-3,cnn,1,0,63050,1,4,0.124024,0.406537,0.890300,0.666,nan,nan
sweep_cnn1w0_lr3e-3,cnn,1,0,63050,2,1,0.402129,0.498459,0.851300,0.553,nan,nan
sweep_cnn1w0_lr3e-3,cnn,1,0,63050,2,2,0.191322,0.445462,0.873100,0.807,nan,nan
sweep_cnn1w0_lr3e-3,cnn,1,0,63050,2,3,0.146257,0.408155,0.883400,0.605,nan,nan
sweep_cnn1w0_lr3e-3,cnn,1,0,63050,2,4,0.120223,0.400070,0.894600,0.704,nan,nan
sweep_cnn2w0_lr3e-4,cnn,2,0,50186,1,1,0.683383,0.689913,0.785400,1.783,nan,nan
sweep_cnn2w0_lr3e-4,cnn,2,0,50186,1,2,0.275493,0.533678,0.835000,0.842,nan,nan
sweep_cnn2w0_lr3e-4,cnn,2,0,50186,1,3,0.197365,0.447886,0.862800,0.915,nan,nan
sweep_cnn2w0_lr3e-4,cnn,2,0,50186,1,4,0.163816,0.430403,0.876400,1.023,nan,nan
sweep_cnn2w0_lr3e-4,cnn,2,0,50186,2,1,0.730032,0.746808,0.771400,0.952,nan,nan
sweep_cnn2w0_lr3e-4,cnn,2,0,50186,2,2,0.301202,0.554201,0.828100,1.110,nan,nan
sweep_cnn2w0_lr3e-4,cnn,2,0,50186,2,3,0.211835,0.467723,0.856900,0.934,nan,nan
sweep_cnn2w0_lr3e-4,cnn,2,0,50186,2,4,0.174966,0.420353,0.880500,0.705,nan,nan
sweep_cnn2w0_lr1e-3,cnn,2,0,50186,1,1,0.404992,0.444280,0.865900,2.394,nan,nan
sweep_cnn2w0_lr1e-3,cnn,2,0,50186,1,2,0.151862,0.353391,0.895500,1.105,nan,nan
sweep_cnn2w0_lr1e-3,cnn,2,0,50186,1,3,0.109926,0.308763,0.912200,1.036,nan,nan
sweep_cnn2w0_lr1e-3,cnn,2,0,50186,1,4,0.086750,0.324220,0.914800,0.774,nan,nan
sweep_cnn2w0_lr1e-3,cnn,2,0,50186,2,1,0.434335,0.452012,0.866000,0.922,nan,nan
sweep_cnn2w0_lr1e-3,cnn,2,0,50186,2,2,0.158407,0.351191,0.898000,0.889,nan,nan
sweep_cnn2w0_lr1e-3,cnn,2,0,50186,2,3,0.111921,0.332723,0.908100,1.097,nan,nan
sweep_cnn2w0_lr1e-3,cnn,2,0,50186,2,4,0.088353,0.290750,0.920700,0.807,nan,nan
sweep_cnn2w0_lr3e-3,cnn,2,0,50186,1,1,0.280994,0.323314,0.905300,1.876,nan,nan
sweep_cnn2w0_lr3e-3,cnn,2,0,50186,1,2,0.100191,0.294993,0.913000,0.824,nan,nan
sweep_cnn2w0_lr3e-3,cnn,2,0,50186,1,3,0.067024,0.270145,0.930300,0.740,nan,nan
sweep_cnn2w0_lr3e-3,cnn,2,0,50186,1,4,0.048656,0.261640,0.937300,0.709,nan,nan
sweep_cnn2w0_lr3e-3,cnn,2,0,50186,2,1,0.305313,0.342468,0.903700,1.125,nan,nan
sweep_cnn2w0_lr3e-3,cnn,2,0,50186,2,2,0.108213,0.273331,0.925100,0.843,nan,nan
sweep_cnn2w0_lr3e-3,cnn,2,0,50186,2,3,0.071967,0.273799,0.927000,1.188,nan,nan
sweep_cnn2w0_lr3e-3,cnn,2,0,50186,2,4,0.052998,0.273669,0.934300,1.218,nan,nan
sweep_cnn3w0_lr3e-4,cnn,3,0,104202,1,1,0.661223,0.630019,0.798000,2.546,nan,nan
sweep_cnn3w0_lr3e-4,cnn,3,0,104202,1,2,0.227561,0.458174,0.856100,1.150,nan,nan
sweep_cnn3w0_lr3e-4,cnn,3,0,104202,1,3,0.156083,0.355624,0.889900,1.402,nan,nan
sweep_cnn3w0_lr3e-4,cnn,3,0,104202,1,4,0.122786,0.371032,0.888300,1.407,nan,nan
sweep_cnn3w0_lr3e-4,cnn,3,0,104202,2,1,0.709704,0.683929,0.785500,1.241,nan,nan
sweep_cnn3w0_lr3e-4,cnn,3,0,104202,2,2,0.244023,0.484915,0.852600,0.994,nan,nan
sweep_cnn3w0_lr3e-4,cnn,3,0,104202,2,3,0.162114,0.369031,0.889400,1.247,nan,nan
sweep_cnn3w0_lr3e-4,cnn,3,0,104202,2,4,0.127088,0.328683,0.903600,1.451,nan,nan
sweep_cnn3w0_lr1e-3,cnn,3,0,104202,1,1,0.387552,0.356956,0.888500,2.737,nan,nan
sweep_cnn3w0_lr1e-3,cnn,3,0,104202,1,2,0.110602,0.286242,0.915300,1.252,nan,nan
sweep_cnn3w0_lr1e-3,cnn,3,0,104202,1,3,0.071400,0.223210,0.938500,1.142,nan,nan
sweep_cnn3w0_lr1e-3,cnn,3,0,104202,1,4,0.052143,0.237546,0.933700,1.408,nan,nan
sweep_cnn3w0_lr1e-3,cnn,3,0,104202,2,1,0.429852,0.371207,0.887500,1.177,nan,nan
sweep_cnn3w0_lr1e-3,cnn,3,0,104202,2,2,0.118312,0.295898,0.913700,1.233,nan,nan
sweep_cnn3w0_lr1e-3,cnn,3,0,104202,2,3,0.074078,0.264005,0.926700,0.943,nan,nan
sweep_cnn3w0_lr1e-3,cnn,3,0,104202,2,4,0.054144,0.269753,0.926400,1.302,nan,nan
sweep_cnn3w0_lr3e-3,cnn,3,0,104202,1,1,0.264509,0.299453,0.916200,1.825,nan,nan
sweep_cnn3w0_lr3e-3,cnn,3,0,104202,1,2,0.072386,0.223543,0.937200,1.467,nan,nan
sweep_cnn3w0_lr3e-3,cnn,3,0,104202,1,3,0.044461,0.202532,0.949000,1.301,nan,nan
sweep_cnn3w0_lr3e-3,cnn,3,0,104202,1,4,0.031849,0.254881,0.941700,1.262,nan,nan
sweep_cnn3w0_lr3e-3,cnn,3,0,104202,2,1,0.292757,0.315900,0.912000,1.354,nan,nan
sweep_cnn3w0_lr3e-3,cnn,3,0,104202,2,2,0.074364,0.212321,0.939500,1.297,nan,nan
sweep_cnn3w0_lr3e-3,cnn,3,0,104202,2,3,0.046857,0.220347,0.938700,1.277,nan,nan
sweep_cnn3w0_lr3e-3,cnn,3,0,104202,2,4,0.034013,0.240757,0.943000,1.276,nan,nan
sweep_cnn4w0_lr3e-4,cnn,4,0,390410,1,1,0.623897,0.588216,0.807200,2.171,nan,nan
sweep_cnn4w0_lr3e-4,cnn,4,0,390410,1,2,0.203492,0.391073,0.881500,1.457,nan,nan
sweep_cnn4w0_lr3e-4,cnn,4,0,390410,1,3,0.128394,0.296051,0.908000,1.509,nan,nan
sweep_cnn4w0_lr3e-4,cnn,4,0,390410,1,4,0.093981,0.273357,0.916800,1.456,nan,nan
sweep_cnn4w0_lr3e-4,cnn,4,0,390410,2,1,0.678969,0.653562,0.794300,1.508,nan,nan
sweep_cnn4w0_lr3e-4,cnn,4,0,390410,2,2,0.236325,0.470174,0.849400,1.640,nan,nan
sweep_cnn4w0_lr3e-4,cnn,4,0,390410,2,3,0.148151,0.315720,0.906100,1.709,nan,nan
sweep_cnn4w0_lr3e-4,cnn,4,0,390410,2,4,0.107096,0.261105,0.925800,1.590,nan,nan
sweep_cnn4w0_lr1e-3,cnn,4,0,390410,1,1,0.374871,0.335042,0.894400,2.213,nan,nan
sweep_cnn4w0_lr1e-3,cnn,4,0,390410,1,2,0.089615,0.220425,0.934400,1.154,nan,nan
sweep_cnn4w0_lr1e-3,cnn,4,0,390410,1,3,0.052054,0.182742,0.950600,1.444,nan,nan
sweep_cnn4w0_lr1e-3,cnn,4,0,390410,1,4,0.037723,0.222427,0.941700,1.679,nan,nan
sweep_cnn4w0_lr1e-3,cnn,4,0,390410,2,1,0.417929,0.366987,0.887000,1.609,nan,nan
sweep_cnn4w0_lr1e-3,cnn,4,0,390410,2,2,0.102791,0.235038,0.929800,1.822,nan,nan
sweep_cnn4w0_lr1e-3,cnn,4,0,390410,2,3,0.058888,0.201966,0.943300,1.572,nan,nan
sweep_cnn4w0_lr1e-3,cnn,4,0,390410,2,4,0.039325,0.201941,0.946300,1.605,nan,nan
sweep_cnn4w0_lr3e-3,cnn,4,0,390410,1,1,0.292638,0.228085,0.928700,2.457,nan,nan
sweep_cnn4w0_lr3e-3,cnn,4,0,390410,1,2,0.067914,0.181931,0.946500,1.664,nan,nan
sweep_cnn4w0_lr3e-3,cnn,4,0,390410,1,3,0.040102,0.171383,0.954500,1.576,nan,nan
sweep_cnn4w0_lr3e-3,cnn,4,0,390410,1,4,0.030842,0.212533,0.949600,1.515,nan,nan
sweep_cnn4w0_lr3e-3,cnn,4,0,390410,2,1,0.334365,0.281977,0.914300,1.671,nan,nan
sweep_cnn4w0_lr3e-3,cnn,4,0,390410,2,2,0.072733,0.183835,0.947800,1.571,nan,nan
sweep_cnn4w0_lr3e-3,cnn,4,0,390410,2,3,0.042798,0.168036,0.953600,1.608,nan,nan
sweep_cnn4w0_lr3e-3,cnn,4,0,390410,2,4,0.031640,0.207099,0.946800,1.670,nan,nan
sweep_mlp1w256_lr3e-4,mlp,1,256,203530,1,1,0.756949,0.829108,0.739000,0.776,nan,nan
sweep_mlp1w256_lr3e-4,mlp,1,256,203530,1,2,0.413952,0.703947,0.777200,0.558,nan,nan
sweep_mlp1w256_lr3e-4,mlp,1,256,203530,1,3,0.325839,0.620240,0.807300,0.538,nan,nan
sweep_mlp1w256_lr3e-4,mlp,1,256,203530,1,4,0.271636,0.559566,0.826600,0.538,nan,nan
sweep_mlp1w256_lr3e-4,mlp,1,256,203530,2,1,0.774257,0.846138,0.731400,0.516,nan,nan
sweep_mlp1w256_lr3e-4,mlp,1,256,203530,2,2,0.425626,0.725123,0.773000,0.328,nan,nan
sweep_mlp1w256_lr3e-4,mlp,1,256,203530,2,3,0.333131,0.615441,0.809500,0.476,nan,nan
sweep_mlp1w256_lr3e-4,mlp,1,256,203530,2,4,0.275687,0.561537,0.824800,0.743,nan,nan
sweep_mlp1w256_lr1e-3,mlp,1,256,203530,1,1,0.518947,0.610445,0.809300,0.898,nan,nan
sweep_mlp1w256_lr1e-3,mlp,1,256,203530,1,2,0.253339,0.516526,0.844100,0.649,nan,nan
sweep_mlp1w256_lr1e-3,mlp,1,256,203530,1,3,0.173997,0.429150,0.872500,0.715,nan,nan
sweep_mlp1w256_lr1e-3,mlp,1,256,203530,1,4,0.129397,0.399344,0.885500,0.706,nan,nan
sweep_mlp1w256_lr1e-3,mlp,1,256,203530,2,1,0.528878,0.596215,0.815200,0.674,nan,nan
sweep_mlp1w256_lr1e-3,mlp,1,256,203530,2,2,0.250438,0.514660,0.842100,0.723,nan,nan
sweep_mlp1w256_lr1e-3,mlp,1,256,203530,2,3,0.172117,0.434857,0.870300,0.728,nan,nan
sweep_mlp1w256_lr1e-3,mlp,1,256,203530,2,4,0.127853,0.396302,0.884400,0.719,nan,nan
sweep_mlp1w256_lr3e-3,mlp,1,256,203530,1,1,0.377442,0.471794,0.858400,0.911,nan,nan
sweep_mlp1w256_lr3e-3,mlp,1,256,203530,1,2,0.162767,0.397572,0.883300,0.697,nan,nan
sweep_mlp1w256_lr3e-3,mlp,1,256,203530,1,3,0.106210,0.396384,0.887400,0.640,nan,nan
sweep_mlp1w256_lr3e-3,mlp,1,256,203530,1,4,0.075326,0.441111,0.888100,0.648,nan,nan
sweep_mlp1w256_lr3e-3,mlp,1,256,203530,2,1,0.385443,0.463422,0.859000,0.705,nan,nan
sweep_mlp1w256_lr3e-3,mlp,1,256,203530,2,2,0.164088,0.404113,0.878100,0.655,nan,nan
sweep_mlp1w256_lr3e-3,mlp,1,256,203530,2,3,0.107210,0.404942,0.883800,0.662,nan,nan
sweep_mlp1w256_lr3e-3,mlp,1,256,203530,2,4,0.076101,0.393945,0.893400,0.740,nan,nan
sweep_mlp2w256_lr3e-4,mlp,2,256,269322,1,1,0.694036,0.737342,0.767100,1.087,nan,nan
sweep_mlp2w256_lr3e-4,mlp,2,256,269322,1,2,0.341683,0.622544,0.804900,0.883,nan,nan
sweep_mlp2w256_lr3e-4,mlp,2,256,269322,1,3,0.255990,0.547785,0.831300,0.800,nan,nan
sweep_mlp2w256_lr3e-4,mlp,2,256,269322,1,4,0.202549,0.486752,0.855600,0.824,nan,nan
sweep_mlp2w256_lr3e-4,mlp,2,256,269322,2,1,0.702500,0.725891,0.772100,0.840,nan,nan
sweep_mlp2w256_lr3e-4,mlp,2,256,269322,2,2,0.343775,0.648576,0.799100,0.779,nan,nan
sweep_mlp2w256_lr3e-4,mlp,2,256,269322,2,3,0.258086,0.530812,0.837300,0.881,nan,nan
sweep_mlp2w256_lr3e-4,mlp,2,256,269322,2,4,0.202843,0.470017,0.855600,1.030,nan,nan
sweep_mlp2w256_lr1e-3,mlp,2,256,269322,1,1,0.473468,0.526294,0.837400,1.114,nan,nan
sweep_mlp2w256_lr1e-3,mlp,2,256,269322,1,2,0.199107,0.450427,0.864800,0.821,nan,nan
sweep_mlp2w256_lr1e-3,mlp,2,256,269322,1,3,0.128398,0.386681,0.886900,0.796,nan,nan
sweep_mlp2w256_lr1e-3,mlp,2,256,269322,1,4,0.090878,0.393835,0.893900,0.817,nan,nan
sweep_mlp2w256_lr1e-3,mlp,2,256,269322,2,1,0.477242,0.533288,0.837400,0.819,nan,nan
sweep_mlp2w256_lr1e-3,mlp,2,256,269322,2,2,0.202828,0.435772,0.871000,0.874,nan,nan
sweep_mlp2w256_lr1e-3,mlp,2,256,269322,2,3,0.128626,0.412002,0.880500,0.933,nan,nan
sweep_mlp2w256_lr1e-3,mlp,2,256,269322,2,4,0.091099,0.389115,0.894100,1.128,nan,nan
sweep_mlp2w256_lr3e-3,mlp,2,256,269322,1,1,0.362410,0.458428,0.864000,1.221,nan,nan
sweep_mlp2w256_lr3e-3,mlp,2,256,269322,1,2,0.153965,0.405667,0.880700,0.822,nan,nan
sweep_mlp2w256_lr3e-3,mlp,2,256,269322,1,3,0.100326,0.373948,0.896800,0.886,nan,nan
sweep_mlp2w256_lr3e-3,mlp,2,256,269322,1,4,0.076452,0.387432,0.904300,0.775,nan,nan
sweep_mlp2w256_lr3e-3,mlp,2,256,269322,2,1,0.362286,0.431684,0.871500,0.716,nan,nan
sweep_mlp2w256_lr3e-3,mlp,2,256,269322,2,2,0.152961,0.376634,0.891200,0.813,nan,nan
sweep_mlp2w256_lr3e-3,mlp,2,256,269322,2,3,0.099507,0.374037,0.900600,0.895,nan,nan
sweep_mlp2w256_lr3e-3,mlp,2,256,269322,2,4,0.074128,0.396033,0.899600,1.064,nan,nan
sweep_mlp3w256_lr3e-4,mlp,3,256,335114,1,1,0.706550,0.742757,0.766800,1.147,nan,nan
sweep_mlp3w256_lr3e-4,mlp,3,256,335114,1,2,0.326065,0.610298,0.812200,0.968,nan,nan
sweep_mlp3w256_lr3e-4,mlp,3,256,335114,1,3,0.234563,0.517686,0.840400,0.940,nan,nan
sweep_mlp3w256_lr3e-4,mlp,3,256,335114,1,4,0.177253,0.462766,0.863900,1.014,nan,nan
sweep_mlp3w256_lr3e-4,mlp,3,256,335114,2,1,0.695921,0.696192,0.785300,0.948,nan,nan
sweep_mlp3w256_lr3e-4,mlp,3,256,335114,2,2,0.322659,0.611738,0.808900,1.118,nan,nan
sweep_mlp3w256_lr3e-4,mlp,3,256,335114,2,3,0.235900,0.515222,0.841000,1.089,nan,nan
sweep_mlp3w256_lr3e-4,mlp,3,256,335114,2,4,0.180368,0.442231,0.871100,1.053,nan,nan
sweep_mlp3w256_lr1e-3,mlp,3,256,335114,1,1,0.484454,0.521968,0.840400,1.222,nan,nan
sweep_mlp3w256_lr1e-3,mlp,3,256,335114,1,2,0.190435,0.436249,0.869000,0.912,nan,nan
sweep_mlp3w256_lr1e-3,mlp,3,256,335114,1,3,0.120981,0.406014,0.882700,0.733,nan,nan
sweep_mlp3w256_lr1e-3,mlp,3,256,335114,1,4,0.087759,0.405622,0.891000,0.603,nan,nan
sweep_mlp3w256_lr1e-3,mlp,3,256,335114,2,1,0.481862,0.513752,0.843600,0.780,nan,nan
sweep_mlp3w256_lr1e-3,mlp,3,256,335114,2,2,0.189866,0.421069,0.874800,0.834,nan,nan
sweep_mlp3w256_lr1e-3,mlp,3,256,335114,2,3,0.119039,0.382443,0.893900,1.054,nan,nan
sweep_mlp3w256_lr1e-3,mlp,3,256,335114,2,4,0.083538,0.370090,0.896600,1.077,nan,nan
sweep_mlp3w256_lr3e-3,mlp,3,256,335114,1,1,0.387995,0.476318,0.853600,1.111,nan,nan
sweep_mlp3w256_lr3e-3,mlp,3,256,335114,1,2,0.167297,0.396737,0.884700,0.835,nan,nan
sweep_mlp3w256_lr3e-3,mlp,3,256,335114,1,3,0.113876,0.361285,0.900800,0.892,nan,nan
sweep_mlp3w256_lr3e-3,mlp,3,256,335114,1,4,0.089402,0.404780,0.901200,0.845,nan,nan
sweep_mlp3w256_lr3e-3,mlp,3,256,335114,2,1,0.383513,0.452699,0.866100,0.836,nan,nan
sweep_mlp3w256_lr3e-3,mlp,3,256,335114,2,2,0.164658,0.410869,0.878300,0.902,nan,nan
sweep_mlp3w256_lr3e-3,mlp,3,256,335114,2,3,0.113840,0.408158,0.894000,1.103,nan,nan
sweep_mlp3w256_lr3e-3,mlp,3,256,335114,2,4,0.088197,0.394732,0.895800,1.064,nan,nan
sweep_mlp4w256_lr3e-4,mlp,4,256,400906,1,1,0.741773,0.767733,0.759400,1.216,nan,nan
sweep_mlp4w256_lr3e-4,mlp,4,256,400906,1,2,0.324770,0.586537,0.821000,0.824,nan,nan
sweep_mlp4w256_lr3e-4,mlp,4,256,400906,1,3,0.231311,0.523040,0.842400,0.970,nan,nan
sweep_mlp4w256_lr3e-4,mlp,4,256,400906,1,4,0.170803,0.492212,0.858700,1.105,nan,nan
sweep_mlp4w256_lr3e-4,mlp,4,256,400906,2,1,0.728933,0.731878,0.772000,0.945,nan,nan
sweep_mlp4w256_lr3e-4,mlp,4,256,400906,2,2,0.326226,0.595623,0.817400,0.966,nan,nan
sweep_mlp4w256_lr3e-4,mlp,4,256,400906,2,3,0.229624,0.516650,0.837600,1.179,nan,nan
sweep_mlp4w256_lr3e-4,mlp,4,256,400906,2,4,0.171999,0.437632,0.866300,0.716,nan,nan
sweep_mlp4w256_lr1e-3,mlp,4,256,400906,1,1,0.512897,0.573725,0.818600,1.132,nan,nan
sweep_mlp4w256_lr1e-3,mlp,4,256,400906,1,2,0.201864,0.431449,0.871000,0.956,nan,nan
sweep_mlp4w256_lr1e-3,mlp,4,256,400906,1,3,0.128485,0.360493,0.898200,1.006,nan,nan
sweep_mlp4w256_lr1e-3,mlp,4,256,400906,1,4,0.092028,0.402680,0.890300,1.090,nan,nan
sweep_mlp4w256_lr1e-3,mlp,4,256,400906,2,1,0.501824,0.510878,0.842900,0.859,nan,nan
sweep_mlp4w256_lr1e-3,mlp,4,256,400906,2,2,0.194067,0.429967,0.870500,1.006,nan,nan
sweep_mlp4w256_lr1e-3,mlp,4,256,400906,2,3,0.125072,0.375228,0.894400,1.161,nan,nan
sweep_mlp4w256_lr1e-3,mlp,4,256,400906,2,4,0.088946,0.387102,0.893200,1.289,nan,nan
sweep_mlp4w256_lr3e-3,mlp,4,256,400906,1,1,0.418654,0.510010,0.846800,1.313,nan,nan
sweep_mlp4w256_lr3e-3,mlp,4,256,400906,1,2,0.185181,0.464191,0.866500,1.043,nan,nan
sweep_mlp4w256_lr3e-3,mlp,4,256,400906,1,3,0.126977,0.429773,0.891800,1.000,nan,nan
sweep_mlp4w256_lr3e-3,mlp,4,256,400906,1,4,0.103421,0.459302,0.884300,1.078,nan,nan
sweep_mlp4w256_lr3e-3,mlp,4,256,400906,2,1,0.419946,0.475414,0.851800,1.232,nan,nan
sweep_mlp4w256_lr3e-3,mlp,4,256,400906,2,2,0.188035,0.404078,0.884500,1.166,nan,nan
sweep_mlp4w256_lr3e-3,mlp,4,256,400906,2,3,0.126857,0.422967,0.886400,1.249,nan,nan
sweep_mlp4w256_lr3e-3,mlp,4,256,400906,2,4,0.105156,0.439679,0.891000,1.369,nan,nan
sweep_mlp1w512_lr3e-4,mlp,1,512,407050,1,1,0.674848,0.755454,0.760900,0.841,nan,nan
sweep_mlp1w512_lr3e-4,mlp,1,512,407050,1,2,0.357954,0.634256,0.802000,0.646,nan,nan
sweep_mlp1w512_lr3e-4,mlp,1,512,407050,1,3,0.272022,0.554708,0.831600,0.648,nan,nan
sweep_mlp1w512_lr3e-4,mlp,1,512,407050,1,4,0.217673,0.487664,0.853300,0.712,nan,nan
sweep_mlp1w512_lr3e-4,mlp,1,512,407050,2,1,0.677901,0.749914,0.766000,0.535,nan,nan
sweep_mlp1w512_lr3e-4,mlp,1,512,407050,2,2,0.352797,0.643349,0.801100,0.722,nan,nan
sweep_mlp1w512_lr3e-4,mlp,1,512,407050,2,3,0.266250,0.539651,0.834900,0.863,nan,nan
sweep_mlp1w512_lr3e-4,mlp,1,512,407050,2,4,0.212796,0.481417,0.855000,0.749,nan,nan
sweep_mlp1w512_lr1e-3,mlp,1,512,407050,1,1,0.453881,0.531369,0.837500,0.954,nan,nan
sweep_mlp1w512_lr1e-3,mlp,1,512,407050,1,2,0.202128,0.432204,0.872300,0.612,nan,nan
sweep_mlp1w512_lr1e-3,mlp,1,512,407050,1,3,0.130971,0.372234,0.890200,0.645,nan,nan
sweep_mlp1w512_lr1e-3,mlp,1,512,407050,1,4,0.092682,0.364944,0.896100,0.617,nan,nan
sweep_mlp1w512_lr1e-3,mlp,1,512,407050,2,1,0.461267,0.537484,0.834800,0.741,nan,nan
sweep_mlp1w512_lr1e-3,mlp,1,512,407050,2,2,0.203927,0.452322,0.867400,0.717,nan,nan
sweep_mlp1w512_lr1e-3,mlp,1,512,407050,2,3,0.132101,0.387403,0.887200,0.676,nan,nan
sweep_mlp1w512_lr1e-3,mlp,1,512,407050,2,4,0.092197,0.362560,0.898400,0.896,nan,nan
sweep_mlp1w512_lr3e-3,mlp,1,512,407050,1,1,0.337020,0.440432,0.865600,1.037,nan,nan
sweep_mlp1w512_lr3e-3,mlp,1,512,407050,1,2,0.138941,0.372593,0.892300,0.682,nan,nan
sweep_mlp1w512_lr3e-3,mlp,1,512,407050,1,3,0.084178,0.356239,0.900300,0.644,nan,nan
sweep_mlp1w512_lr3e-3,mlp,1,512,407050,1,4,0.057497,0.425552,0.897900,0.738,nan,nan
sweep_mlp1w512_lr3e-3,mlp,1,512,407050,2,1,0.338204,0.410758,0.877000,0.669,nan,nan
sweep_mlp1w512_lr3e-3,mlp,1,512,407050,2,2,0.134241,0.399863,0.884600,0.651,nan,nan
sweep_mlp1w512_lr3e-3,mlp,1,512,407050,2,3,0.082441,0.397290,0.893200,0.679,nan,nan
sweep_mlp1w512_lr3e-3,mlp,1,512,407050,2,4,0.052711,0.407310,0.902800,0.716,nan,nan
sweep_mlp1w1024_lr3e-4,mlp,1,1024,814090,1,1,0.596020,0.676888,0.785800,0.874,nan,nan
sweep_mlp1w1024_lr3e-4,mlp,1,1024,814090,1,2,0.295472,0.564222,0.823400,0.706,nan,nan
sweep_mlp1w1024_lr3e-4,mlp,1,1024,814090,1,3,0.211321,0.475792,0.855900,0.620,nan,nan
sweep_mlp1w1024_lr3e-4,mlp,1,1024,814090,1,4,0.161326,0.417829,0.876400,0.773,nan,nan
sweep_mlp1w1024_lr3e-4,mlp,1,1024,814090,2,1,0.599628,0.664438,0.790700,0.729,nan,nan
sweep_mlp1w1024_lr3e-4,mlp,1,1024,814090,2,2,0.295248,0.566271,0.824800,0.651,nan,nan
sweep_mlp1w1024_lr3e-4,mlp,1,1024,814090,2,3,0.212640,0.466711,0.857300,0.644,nan,nan
sweep_mlp1w1024_lr3e-4,mlp,1,1024,814090,2,4,0.162819,0.413013,0.876600,0.652,nan,nan
sweep_mlp1w1024_lr1e-3,mlp,1,1024,814090,1,1,0.399423,0.467793,0.856800,0.943,nan,nan
sweep_mlp1w1024_lr1e-3,mlp,1,1024,814090,1,2,0.162137,0.386733,0.884300,0.687,nan,nan
sweep_mlp1w1024_lr1e-3,mlp,1,1024,814090,1,3,0.098863,0.336322,0.905500,0.707,nan,nan
sweep_mlp1w1024_lr1e-3,mlp,1,1024,814090,1,4,0.064631,0.360188,0.901300,0.775,nan,nan
sweep_mlp1w1024_lr1e-3,mlp,1,1024,814090,2,1,0.405356,0.466345,0.858200,0.659,nan,nan
sweep_mlp1w1024_lr1e-3,mlp,1,1024,814090,2,2,0.163578,0.386406,0.883500,0.627,nan,nan
sweep_mlp1w1024_lr1e-3,mlp,1,1024,814090,2,3,0.099621,0.335917,0.901500,0.790,nan,nan
sweep_mlp1w1024_lr1e-3,mlp,1,1024,814090,2,4,0.063933,0.336859,0.908200,0.745,nan,nan
sweep_mlp1w1024_lr3e-3,mlp,1,1024,814090,1,1,0.308317,0.427127,0.869400,1.057,nan,nan
sweep_mlp1w1024_lr3e-3,mlp,1,1024,814090,1,2,0.125226,0.360069,0.902000,0.702,nan,nan
sweep_mlp1w1024_lr3e-3,mlp,1,1024,814090,1,3,0.072347,0.370367,0.903900,0.691,nan,nan
sweep_mlp1w1024_lr3e-3,mlp,1,1024,814090,1,4,0.050835,0.428768,0.902500,0.642,nan,nan
sweep_mlp1w1024_lr3e-3,mlp,1,1024,814090,2,1,0.312585,0.398463,0.884900,0.756,nan,nan
sweep_mlp1w1024_lr3e-3,mlp,1,1024,814090,2,2,0.124377,0.372586,0.895700,0.579,nan,nan
sweep_mlp1w1024_lr3e-3,mlp,1,1024,814090,2,3,0.073952,0.379765,0.902600,0.627,nan,nan
sweep_mlp1w1024_lr3e-3,mlp,1,1024,814090,2,4,0.048238,0.401647,0.908200,0.647,nan,nan
